Book Id,Title,Author,Author l-f,Additional Authors,ISBN,ISBN13,My Rating,Average Rating,Publisher,Binding,Number of Pages,Year Published,Original Publication Year,Date Read,Date Added,Bookshelves,Bookshelves with positions,Exclusive Shelf,My Review,Spoiler,Private Notes,Read Count,Owned Copies
59579811,"Moderne Führung braucht Frei(Raum) – Wie Führungskräfte zwischen Krisen, dezentraler Führung und den Gesetzen der modernen Arbeitswelt erfolgreich handeln können",Isabel Freitag,"Freitag, Isabel",,"=""""","=""9783753168456""",1,1.00,epubli,Hardcover,164,2021,,,2022/11/03,,,read,,,,1,0
45245,"The Reality Dysfunction (Night's Dawn, #1)",Peter F. Hamilton,"Hamilton, Peter F.",,"=""0330340328""","=""9780330340328""",0,4.13,Pan Books,Mass Market Paperback,1223,1997,1996,,2022/10/28,to-read,to-read (#1),to-read,,,,0,0
18197267,"Don't Make Me Think, Revisited: A Common Sense Approach to Web Usability",Steve Krug,"Krug, Steve",,"=""0321965515""","=""9780321965516""",3,4.24,New Riders Publishing,Paperback,200,2013,2000,,2022/10/28,,,read,,,,1,0
57891574,Ed,qntm,"qntm, qntm",Sam  Hughes,"=""""","=""""",3,4.08,,Kindle Edition,146,,2013,,2022/10/28,,,read,,,,2,0
57891607,Ra,qntm,"qntm, qntm",Sam  Hughes,"=""""","=""""",4,4.10,,Kindle Edition,504,,2014,,2022/10/28,,,read,,,,1,0
997969,The Eye Of Shiva: Eastern Mysticism And Science,Amaury De Riencourt,"Riencourt, Amaury De",,"=""0688000363""","=""9780688000363""",2,4.17,Morrow,Hardcover,,1981,1980,,2022/10/19,,,read,,,,1,0
18290401,Show Your Work!: 10 Ways to Share Your Creativity and Get Discovered,Austin Kleon,"Kleon, Austin",,"=""076117897X""","=""9780761178972""",4,4.11,Workman Publishing Company,Paperback,215,2014,2014,,2022/10/10,,,read,,,,1,0
64218,"Eric (Discworld, #9; Rincewind, #4)",Terry Pratchett,"Pratchett, Terry",,"=""0380821214""","=""9780380821211""",3,3.77,Harper,Mass Market Paperback,197,2008,1990,,2022/10/10,,,read,,,,2,0
89187,"Revelation Space (Revelation Space, #1)",Alastair Reynolds,"Reynolds, Alastair",,"=""0441009425""","=""9780441009428""",5,3.99,Ace Books,Mass Market Paperback,585,2002,2000,,2022/09/22,,,read,,,,1,0
34506,"The Light Fantastic (Discworld, #2; Rincewind, #2)",Terry Pratchett,"Pratchett, Terry",,"=""0061020702""","=""9780061020704""",4,3.99,HarperTorch,Mass Market Paperback,277,2000,1986,,2022/09/22,,,read,,,,1,0
16902,Walden,Henry David Thoreau,"Thoreau, Henry David",Bill McKibben,"=""""","=""""",4,3.78,Princeton University Press,Paperback,352,2004,1854,,2022/09/22,,,read,,,,1,0
54493401,Project Hail Mary,Andy Weir,"Weir, Andy",,"=""0593135202""","=""9780593135204""",5,4.52,Ballantine Books,Hardcover,476,2021,2021,,2022/09/01,,,read,,,,1,0
32969945,"Dornen und Rosen (Das Reich der sieben Höfe, #1)",Sarah J. Maas,"Maas, Sarah J.",Alexandra Ernst,"=""3423761636""","=""9783423761635""",1,4.20,dtv Verlag,Hardcover,480,2017,2015,,2022/08/02,,,read,,,,1,0
5771014,"The Talent Code: Unlocking the Secret of Skill in Sports, Art, Music, Math, and Just About Everything Else",Daniel Coyle,"Coyle, Daniel",John Farrell,"=""1598878735""","=""9781598878738""",2,4.03,HighBridge Company,Audio CD,288,2009,2009,,2022/07/30,,,read,,,,1,0
3228917,Outliers: The Story of Success,Malcolm Gladwell,"Gladwell, Malcolm",,"=""0316017922""","=""9780316017923""",4,4.19,"Little, Brown and Company",Hardcover,309,2008,2008,,2022/07/30,,,read,,,,1,0
3347,The Basque History of the World: The Story of a Nation,Mark Kurlansky,"Kurlansky, Mark",,"=""0140298517""","=""9780140298512""",4,3.87,Penguin Books,Paperback,400,2001,1999,,2022/07/30,,,read,,,,1,0
34497,"The Color of Magic (Discworld, #1; Rincewind, #1)",Terry Pratchett,"Pratchett, Terry",,"=""0060855924""","=""9780060855925""",4,4.00,Harper,Paperback,228,2005,1983,,2022/07/30,,,read,,,,1,0
50937,"First, Break All the Rules: What the World's Greatest Managers Do Differently",Marcus Buckingham,"Buckingham, Marcus",Curt Coffman,"=""0684852861""","=""9780684852867""",4,3.94,Gallup Press,Hardcover,272,1999,1998,,2022/07/30,,,read,,,,1,0
43582733,Stillness Is the Key,Ryan Holiday,"Holiday, Ryan",,"=""0525538585""","=""9780525538585""",5,4.22,Portfolio,Hardcover,288,2019,2019,,2022/07/13,,,read,,,,1,0
9167158,"Start Small, Stay Small: A Developer's Guide to Launching a Startup",Rob Walling,"Walling, Rob",Mike Taber,"=""""","=""""",3,3.96,,Kindle Edition,214,,2010,,2022/07/03,,,read,,,,1,0
34502,"Soul Music (Discworld, #16; Death, #3)",Terry Pratchett,"Pratchett, Terry",,"=""057506689X""","=""9780575066892""",4,4.04,Gollancz,Hardcover,424,1999,1994,,2022/07/03,,,read,,,,1,0
1966046,Grundlegung zur Metaphysik der Sitten,Immanuel Kant,"Kant, Immanuel",,"=""315004507X""","=""9783150045077""",2,3.84,Reclam,Paperback,133,2008,1785,,2022/06/25,,,read,,,,1,0
47994,"The Last Continent (Discworld, #22; Rincewind, #6)",Terry Pratchett,"Pratchett, Terry",,"=""0552154180""","=""9780552154185""",3,3.99,Corgi,Paperback,416,2006,1998,,2022/06/20,,,read,,,,1,0
54983,Oranges,John McPhee,"McPhee, John",,"=""0141182032""","=""9780141182032""",3,4.06,Penguin,Paperback,160,2000,1967,,2022/06/09,,,read,,,,1,0
833015,SPIN Selling: Situation Problem Implication Need-payoff,Neil Rackham,"Rackham, Neil",,"=""0070511136""","=""9780070511132""",3,3.98,McGraw-Hill Companies,Hardcover,216,1988,1988,,2022/01/08,,,read,,,,1,0
48593951,kontiki,Thor Heyerdahl,"Heyerdahl, Thor",,"=""9781476753""","=""""",5,4.14,,,,,1948,,2022/06/05,,,read,,,,1,0
34484,"Small Gods (Discworld, #13)",Terry Pratchett,"Pratchett, Terry",,"=""0552152978""","=""9780552152976""",3,4.31,Corgi,Paperback,400,2005,1992,,2022/06/03,,,read,,,,1,0
116296,"Making Money (Discworld, #36; Moist Von Lipwig, #2)",Terry Pratchett,"Pratchett, Terry",,"=""0061161640""","=""9780061161643""",4,4.25,Harper,Hardcover,394,2007,2007,,2022/05/23,,,read,,,,1,0
34511,"Monstrous Regiment (Discworld, #31; Industrial Revolution, #3)",Terry Pratchett,"Pratchett, Terry",,"=""""","=""""",4,4.21,,Paperback,496,2003,2003,,2022/05/19,,,read,,,,1,0
39318922,Der Graf von Monte Christo,Alexandre Dumas,"Dumas, Alexandre",,"=""""","=""9783958705005""",3,4.28,NEXX,Library Binding,178,2016,1844,,2022/05/07,,,read,,,,1,0
18007564,The Martian,Andy Weir,"Weir, Andy",,"=""0804139024""","=""9780804139021""",4,4.41,Crown,Hardcover,384,2014,2011,,2022/04/10,,,read,,,,1,0
942337,Wilhelm Tell,Friedrich Schiller,"Schiller, Friedrich",,"=""""","=""""",4,3.27,Reclam Philipp Jun.,Paperback,144,2000,1804,2022/03/05,2022/03/05,,,read,,,,1,0
24113,"Gödel, Escher, Bach: An Eternal Golden Braid",Douglas R. Hofstadter,"Hofstadter, Douglas R.",,"=""0465026567""","=""9780465026562""",3,4.29,Basic Books,Paperback,756,1999,1979,2022/03/05,2022/03/05,,,read,,,,1,0
6547576,Just Listen: Discover the Secret to Getting Through to Absolutely Anyone,Mark Goulston,"Goulston, Mark",Keith Ferrazzi,"=""0814414036""","=""9780814414033""",4,4.04,AMACOM,Hardcover,234,2009,2009,2022/02/24,2022/02/27,,,read,,,,1,0
1501477,"Der letzte Wunsch (Hexer, #1)",Andrzej Sapkowski,"Sapkowski, Andrzej",Erik Simon,"=""3423209933""","=""9783423209939""",2,4.14,Deutscher Taschenbuch Verlag,Paperback,384,2007,1993,2022/02/23,2022/02/27,,,read,,,,1,0
262359,The Wind from Nowhere,J.G. Ballard,"Ballard, J.G.",David Pelham,"=""014002591X""","=""9780140025910""",4,3.27,Penguin Books,Paperback,192,1976,1962,2022/02/18,2022/02/21,,,read,,,,2,0
55536485,The Cafe on the Edge of the World: A Story About the Meaning of Life,John P. Strelecky,"Strelecky, John P.",,"=""""","=""""",1,3.60,,Kindle Edition,,2020,2003,2022/02/19,2022/02/21,,,read,,,,1,0
260218,Million Dollar Consulting: the Professional's Guide to Growing a Practice,Alan Weiss,"Weiss, Alan",,"=""007138703X""","=""9780071387033""",4,3.84,McGraw-Hill,Paperback,358,2003,1992,2022/01/16,2022/01/08,,,read,,,,1,0
139069,Endurance: Shackleton's Incredible Voyage,Alfred Lansing,"Lansing, Alfred",,"=""""","=""""",5,4.41,Carroll & Graf Publishers,Hardcover,282,1999,1959,2022/02/05,2022/02/05,,,read,,,,1,0
7039888,Don't Just Roll the Dice - a usefully short guide to software pricing,Neil  Davidson,"Davidson, Neil",,"=""1906434387""","=""9781906434380""",4,3.66,Red Gate Books,Paperback,84,2009,2009,2022/02/04,2022/02/05,,,read,,,,1,0
54870256,There Is No Antimemetics Division,qntm,"qntm, qntm",Sam  Hughes,"=""""","=""""",5,4.28,,Kindle Edition,220,2020,2020,2021/11/01,2021/10/07,,,read,,,,2,0
54503521,A Thousand Brains: A New Theory of Intelligence,Jeff Hawkins,"Hawkins, Jeff",Richard Dawkins,"=""1541675819""","=""9781541675810""",2,4.07,Basic Books,Hardcover,288,2021,2021,2022/01/22,2022/01/24,,,read,,,,1,0
42900772,GIER - Die Welt steht am Abgrund. Wie weit willst du gehen?,Marc Elsberg,"Elsberg, Marc",,"=""3764506326""","=""9783764506322""",3,3.58,Blanvalet Verlag,Hardcover,450,2019,2019,2022/01/09,2022/01/20,,,read,,,,1,0
56269264,The Dawn of Everything: A New History of Humanity,David Graeber,"Graeber, David",David Wengrow,"=""0374157359""","=""9780374157357""",3,4.22,"Farrar, Straus and Giroux",Hardcover,692,2021,2021,2022/01/01,2022/01/20,,,read,,,,1,0
20804441,Die Vier Versprechen,Miguel Ruiz,"Ruiz, Miguel",,"=""""","=""9783548745602""",4,4.18,Ullstein,Paperback,140,2012,1997,2022/01/03,2022/01/20,,,read,,,,1,0
24611623,In Order to Live: A North Korean Girl's Journey to Freedom,Yeonmi Park,"Park, Yeonmi",Maryanne Vollers,"=""1594206791""","=""9781594206795""",4,4.48,Penguin Press,Hardcover,273,2015,2015,2021/02/01,2021/10/07,,,read,,,,1,0
590652,The Slight Edge,Jeff Olson,"Olson, Jeff",,"=""0967285550""","=""9780967285559""",3,4.30,Momentum Media,Paperback,168,2005,2005,2021/12/26,2021/12/26,,,read,,,,1,0
841,Emotional Design: Why We Love (or Hate) Everyday Things,Donald A. Norman,"Norman, Donald A.",,"=""0465051367""","=""9780465051366""",3,3.96,Basic Books,Paperback,272,2005,2003,2021/12/13,2021/12/25,,,read,,,,1,0
12009,The Algebraist,Iain M. Banks,"Banks, Iain M.",,"=""1597800449""","=""9781597800440""",4,4.03,Night Shade Books,Paperback,434,2006,2004,2021/12/01,2021/12/25,,,read,,,,1,0
39863499,How to Think Like a Roman Emperor: The Stoic Philosophy of Marcus Aurelius,Donald J. Robertson,"Robertson, Donald J.",,"=""""","=""""",3,4.38,St. Martin's Press,Hardcover,304,2019,2019,2021/10/01,2021/11/29,,,read,,,,1,0
48037,Carmilla,J. Sheridan Le Fanu,"Fanu, J. Sheridan Le",,"=""0809510839""","=""9780809510832""",2,3.83,Wildside Press,Paperback,108,2000,1872,2021/10/29,2021/11/29,,,read,,,,1,0
57306699,Über Menschen,Juli Zeh,"Zeh, Juli",,"=""3630876676""","=""9783630876672""",3,4.13,Luchterhand,Hardcover,416,2021,2021,2021/11/11,2021/11/29,,,read,,,,1,0
44767458,"Dune (Dune, #1)",Frank Herbert,"Herbert, Frank",,"=""059309932X""","=""9780593099322""",4,4.25,Ace Books,Hardcover,658,2019,1965,2021/11/27,2021/11/29,,,read,,,,1,0
54930681,Feeling Great: The Revolutionary New Treatment for Depression and Anxiety,David D. Burns,"Burns, David D.",,"=""""","=""""",1,4.25,,Kindle Edition,,2020,2020,2021/08/01,2021/10/07,,,read,,,,1,0
19008180,Mehr vom Geld: Finanzielle Ziele erreichen durch erfolgreiches Geldmanagement im Alltag (German Edition),Norbert D. Frank,"Frank, Norbert D.",,"=""""","=""""",4,4.33,,Kindle Edition,170,2012,2012,2021/08/01,2021/10/07,,,read,,,,1,0
13202448,Applied Meta-Analysis for Social Science Research,Noel A. Card,"Card, Noel A.",,"=""1609184998""","=""9781609184995""",2,3.90,The Guilford Press,Hardcover,377,2011,2011,2021/06/01,2021/10/07,,,read,,,,1,0
6290281,Polyglot: How I Learn Languages,Kató Lomb,"Lomb, Kató","Ádám Szegi, Kornelia DeKorne, Scott Alkire","=""1606437062""","=""9781606437063""",2,3.82,Tesl-Ej,Paperback,215,2008,1970,2021/08/01,2021/10/07,,,read,,,,1,0
290583,The Business,Iain Banks,"Banks, Iain",,"=""0316848638""","=""9780316848633""",5,3.50,"Little, Brown and Company",Paperback,393,1999,1999,2021/09/01,2021/09/23,,,read,,,,1,0
51738,Just Listen,Sarah Dessen,"Dessen, Sarah",,"=""0670061050""","=""9780670061051""",1,4.05,Viking Books,Hardcover,371,2006,2006,2021/09/01,2021/10/07,,,read,,,,1,0
170448,Animal Farm,George Orwell,"Orwell, George","Russell Baker, C.M. Woodhouse","=""0451526341""","=""9780451526342""",3,3.98,Signet Classics,Mass Market Paperback,141,1996,1945,2021/09/01,2021/10/07,,,read,,,,1,0
18122,"The Amber Spyglass (His Dark Materials, #3)",Philip Pullman,"Pullman, Philip",,"=""0440238153""","=""9780440238157""",4,4.10,Laurel Leaf,Mass Market Paperback,465,2003,2000,2021/07/01,2021/10/07,,,read,,,,1,0
41637836,"The Subtle Knife (His Dark Materials, #2)",Philip Pullman,"Pullman, Philip",,"=""""","=""""",4,4.14,RHCP Digital,Kindle Edition,370,2018,1997,2021/07/01,2021/10/07,,,read,,,,1,0
40121378,Atomic Habits: An Easy & Proven Way to Build Good Habits & Break Bad Ones,James Clear,"Clear, James",,"=""""","=""""",5,4.38,Avery,Kindle Edition,319,2018,2018,2021/03/01,2021/10/07,,,read,,,,2,0
13098597,Vom Ende einer Geschichte,Julian Barnes,"Barnes, Julian",Gertraude Krueger,"=""3462044338""","=""9783462044331""",2,3.73,Kiepenheuer & Witsch,Hardcover,182,2011,2011,2021/05/01,2021/10/07,,,read,,,,1,0
50220199,Computer Networking: This Book Includes: Computer Networking for Beginners and Beginners Guide (All in One),Russell Scott,"Scott, Russell",,"=""""","=""""",1,3.90,,Kindle Edition,254,2019,,2021/05/01,2021/10/07,,,read,,,,1,0
11127,"The Chronicles of Narnia (Chronicles of Narnia, #1-7)",C.S. Lewis,"Lewis, C.S.",Pauline Baynes,"=""0066238501""","=""9780066238500""",2,4.27,HarperCollins,Paperback,767,2014,1956,2021/08/01,2021/10/07,,,read,,,,1,0
1319,The War of Art: Winning the Inner Creative Battle,Steven Pressfield,"Pressfield, Steven",Robert McKee,"=""0446691437""","=""9780446691437""",4,3.99,Warner Books,Paperback,168,2003,2002,2021/08/01,2021/10/07,,,read,,,,1,0
6683549,You Are Not a Gadget,Jaron Lanier,"Lanier, Jaron",,"=""0307269647""","=""9780307269645""",1,3.56,Alfred A. Knopf,Hardcover,221,2010,2010,2021/08/01,2021/10/07,,,read,,,,1,0
4865,How to Win Friends and Influence People,Dale Carnegie,"Carnegie, Dale",,"=""""","=""""",3,4.21,Gallery Books,Paperback,288,1998,1936,2021/09/01,2021/10/07,,,read,,,,1,0
25744928,Deep Work: Rules for Focused Success in a Distracted World,Cal Newport,"Newport, Cal",,"=""1455586692""","=""9781455586691""",4,4.19,Grand Central Publishing,Hardcover,296,2016,2016,2021/09/01,2021/10/07,,,read,,,,2,0
46674,Feeling Good: The New Mood Therapy,David D. Burns,"Burns, David D.",,"=""0380810336""","=""9780380810338""",4,4.04,Harper,Mass Market Paperback,736,2008,1980,2021/09/01,2021/10/07,,,read,,,,1,0
27036528,Ego Is the Enemy,Ryan Holiday,"Holiday, Ryan",,"=""1591847818""","=""9781591847816""",4,4.14,Portfolio,Hardcover,226,2016,2016,2021/10/01,2021/10/07,,,read,,,,1,0
42046112,Recursion,Blake Crouch,"Crouch, Blake",,"=""1524759783""","=""9781524759780""",3,4.16,Crown Publishing Group (NY),Hardcover,336,2019,2019,,2021/10/07,,,read,,,,1,0
34507927,"How to Take Smart Notes: One Simple Technique to Boost Writing, Learning and Thinking – for Students, Academics and Nonfiction Book Writers",Sönke Ahrens,"Ahrens, Sönke",,"=""""","=""""",3,4.18,,Kindle Edition,178,2017,2017,2021/03/01,2021/10/07,,,read,,,,1,0
13078769,Running Lean: Iterate from Plan A to a Plan That Works,Ash Maurya,"Maurya, Ash",,"=""1449305172""","=""9781449305178""",3,4.06,O'Reilly Media,Hardcover,240,2012,2012,2021/10/07,2021/10/07,,,read,,,,2,0
313605,Getting to Yes: Negotiating Agreement Without Giving In,Roger Fisher,"Fisher, Roger","William Ury, Bruce Patton","=""0140157352""","=""9780140157352""",3,3.94,Penguin Group,Paperback,224,1991,1981,2021/02/01,2021/10/07,,,read,,,,1,0
18630,"The Player of Games (Culture, #2)",Iain M. Banks,"Banks, Iain M.",,"=""0061053562""","=""9780061053566""",4,4.27,HarperPrism,Paperback,293,1997,1988,2021/01/01,2021/10/07,,,read,,,,1,0
12126193,Quantitative Methoden 2. Einführung in Die Statistik für Psychologen und Sozialwissenschaftler,Björn Rasch,"Rasch, Björn","Malte Friese, Wilhelm Johann Hofmann, Ewald Naumann, Bjarn Rasch","=""3642052673""","=""9783642052675""",3,3.75,Springer,Unknown Binding,230,2009,2006,2021/06/01,2021/10/07,,,read,,,,1,0
12236203,Quantitative Methoden 1.Einführung in Die Statistik für Psychologen und Sozialwissenschaftler (Springer Lehrbuch),Björn Rasch,"Rasch, Björn","Malte Friese, Wilhelm Johann Hofmann, Ewald Naumann","=""3642052711""","=""9783642052712""",3,3.44,Springer,Paperback,249,2009,2006,2021/06/01,2021/10/07,,,read,,,,1,0
11275323,"Raising Steam (Discworld, #40, Moist von Lipwig, #3)",Terry Pratchett,"Pratchett, Terry",,"=""0857522272""","=""9780857522276""",3,3.99,Doubleday,Hardcover,377,2013,2013,2021/08/01,2021/10/07,,,read,,,,1,0
16158576,Expecting Better: Why the Conventional Pregnancy Wisdom is Wrong - and What You Really Need to Know,Emily Oster,"Oster, Emily",,"=""1594204756""","=""9781594204753""",4,4.33,Penguin Press,Hardcover,336,2013,2013,2021/09/09,2021/10/07,,,read,,,,1,0
769483,"Magyk (Septimus Heap, #1)",Angie Sage,"Sage, Angie",Mark Zug,"=""0060577312""","=""9780060577315""",2,3.84,"Katherine Tegen, Harper Collins",Hardcover,564,2005,2005,2021/09/06,2021/10/07,,,read,,,,1,0
53597796,Strongmen: Mussolini to the Present,Ruth Ben-Ghiat,"Ben-Ghiat, Ruth",,"=""1324001542""","=""9781324001546""",2,4.17,W. W. Norton  Company,Hardcover,384,2020,2020,2021/08/28,2021/10/07,,,read,,,,1,0
58245377,Geometry for Ocelots,Exurb1a,"Exurb1a, Exurb1a",,"=""""","=""""",5,4.47,,Kindle Edition,,2021,,2021/08/06,2021/10/07,,,read,,,,1,0
6708,The Power of Now: A Guide to Spiritual Enlightenment,Eckhart Tolle,"Tolle, Eckhart",,"=""1577314808""","=""9781577314806""",2,4.15,New World Library,Paperback,229,2004,1997,2021/07/22,2021/10/07,,,read,,,,2,0
119322,"The Golden Compass (His Dark Materials, #1)",Philip Pullman,"Pullman, Philip",Torstein Bugge Høverstad,"=""0679879242""","=""9780679879244""",4,4.01,Alfred A. Knopf Books for Young Readers,Hardcover,399,1996,1995,2021/07/11,2021/10/07,,,read,,,,1,0
1845,Into the Wild,Jon Krakauer,"Krakauer, Jon",,"=""0385486804""","=""9780385486804""",3,4.00,Anchor Books,Paperback,203,1997,1996,2021/06/22,2021/10/07,,,read,,,,1,0
67896,Tao Te Ching,Lao Tzu,"Tzu, Lao","Jacob Needleman, Brian Browne Walker, Mikhail Nikolenko, Gia-Fu Feng, Claudio Lamparelli, Vladimir Antonov, Toinette Lippe, Jane English, James Legge","=""0679724346""","=""9780679724346""",3,4.29,Vintage,Paperback,160,1989,-400,2021/06/02,2021/10/07,,,read,,,,2,0
6324090,"Alice's Adventures in Wonderland (Alice's Adventures in Wonderland, #1)",Lewis Carroll,"Carroll, Lewis","T.H. Robinson, Charles Pears","=""""","=""""",4,4.00,Public Domain Books,Kindle Edition,96,1997,1865,2021/05/23,2021/10/07,,,read,,,,1,0
56447036,"The Road Chose Me Volume 2: Three years and 54,000 miles around Africa",Dan Grec,"Grec, Dan",,"=""""","=""""",4,4.62,The Road Chose Me,Kindle Edition,371,2020,,2021/05/14,2021/10/07,,,read,,,,1,0
36072,The 7 Habits of Highly Effective People: Powerful Lessons in Personal Change,Stephen R. Covey,"Covey, Stephen R.",Jim Collins,"=""0743269519""","=""9780743269513""",3,4.15,Free Press,Paperback,372,2004,1988,2021/04/30,2021/10/07,,,read,,,,2,0
1059,Shibumi,Trevanian,"Trevanian, Trevanian",Gisela Stege,"=""1400098033""","=""9781400098033""",4,4.20,Broadway Books,Paperback,480,2005,1979,2021/03/26,2021/10/07,,,read,,,,1,0
912728,Geheime Botschaften. Die Kunst der Verschlüsselung von der Antike bis in die Zeiten des Internet,Simon Singh,"Singh, Simon",,"=""3423330716""","=""9783423330718""",3,4.29,Deutscher Taschenbuch Verlag,Paperback,459,2001,1999,2021/03/06,2021/10/07,,,read,,,,1,0
1476605,Manifest der Kommunistischen Partei,Karl Marx,"Marx, Karl",Friedrich Engels,"=""3150083230""","=""9783150083239""",3,3.62,Philipp Reclam jun. Verlag GmbH,Paperback,96,1986,1848,2021/04/04,2021/10/07,,,read,,,,1,0
386372,"Mort (Discworld, #4; Death, #1)",Terry Pratchett,"Pratchett, Terry",,"=""0061020680""","=""9780061020681""",5,4.23,Harpertorch,Mass Market Paperback,243,2001,1987,,2021/10/07,,,read,,,,1,0
865871,An Attack on an Enemy of Freedom,Marcus Tullius Cicero,"Cicero, Marcus Tullius",Michael    Grant,"=""014102383X""","=""9780141023830""",4,3.71,Penguin UK,Paperback,93,2005,-43,,2021/10/07,,,read,,,,1,0
48838,IBM and the Holocaust,Edwin Black,"Black, Edwin",,"=""0751531995""","=""9780751531992""",3,4.01,Time Warner,Paperback,710,2002,1999,,2021/10/07,,,read,,,,1,0
22055262,"A Darker Shade of Magic (Shades of Magic, #1)",V.E. Schwab,"Schwab, V.E.",,"=""0765376458""","=""9780765376459""",2,4.07,Tor Books,Hardcover,400,2015,2015,,2021/10/07,,,read,,,,1,0
25506635,The China Dream: Great Power Thinking and Strategic Posture in the Post-American Era,Liu Mingfu,"Mingfu, Liu",,"=""""","=""""",1,3.48,CN Times Books,Kindle Edition,,2015,2010,,2021/10/07,,,read,,,,1,0
5948056,Nacht Und Nebel,Ahmet Ümit,"Ümit, Ahmet",,"=""3293100023""","=""9783293100022""",3,3.73,Unionsverlag,Hardcover,365,2005,1996,,2021/10/07,,,read,,,,1,0
34466963,Why We Sleep: Unlocking the Power of Sleep and Dreams,Matthew Walker,"Walker, Matthew",,"=""""","=""""",4,4.38,Scribner,Hardcover,368,2017,2017,,2021/10/07,,,read,,,,1,0
28862,The Prince,Niccolò Machiavelli,"Machiavelli, Niccolò","Μαρία Κασωτάκη, Denis Daly, W.K. Marriott, Benjamin Martinez, Rufus Goodwin","=""0937832383""","=""9780937832387""",2,3.83,Dante University of America Press,Paperback,140,2003,1513,,2021/10/07,,,read,,,,1,0
129327,The Case of Charles Dexter Ward,H.P. Lovecraft,"Lovecraft, H.P.",,"=""0345354907""","=""9780345354907""",3,4.15,Del Rey Books,Paperback,127,1994,1941,,2021/10/07,,,read,,,,1,0
41887005,Lady Chatterly's Lover,D.H. Lawrence,"Lawrence, D.H.",,"=""1515423417""","=""9781515423416""",3,3.51,Gray Rabbit Publishing,Paperback,302,2018,1928,,2021/10/07,,,read,,,,1,0
1950374,Anleitung zum Unglücklichsein,Paul Watzlawick,"Watzlawick, Paul",,"=""3492221009""","=""9783492221009""",2,3.73,Piper,Paperback,132,1988,1983,,2021/10/07,,,read,,,,1,0
21535271,"The Slow Regard of Silent Things (The Kingkiller Chronicle, #2.5)",Patrick Rothfuss,"Rothfuss, Patrick",Nate  Taylor,"=""0756410436""","=""9780756410438""",3,3.89,DAW Books,Hardcover,159,2014,2014,,2021/10/07,,,read,,,,1,0
6329013,On the Origin of Species,Charles Darwin,"Darwin, Charles",,"=""0554267381""","=""9780554267388""",4,4.00,BiblioLife,Hardcover,616,2008,1859,,2021/10/07,,,read,,,,1,0
36556202,The Coddling of the American Mind: How Good Intentions and Bad Ideas Are Setting Up a Generation for Failure,Jonathan Haidt,"Haidt, Jonathan",Greg Lukianoff,"=""""","=""""",2,4.25,Penguin Books,Kindle Edition,352,2018,2018,,2021/10/07,,,read,,,,1,0
1215032,"The Wise Man's Fear (The Kingkiller Chronicle, #2)",Patrick Rothfuss,"Rothfuss, Patrick",,"=""0756404738""","=""9780756404734""",3,4.55,DAW Books,Hardcover,994,2011,2011,,2021/10/07,,,read,,,,1,0
12016,"Look to Windward (Culture, #7)",Iain M. Banks,"Banks, Iain M.",,"=""0743421922""","=""9780743421928""",4,4.21,Pocket Books/Simon & Schuster (NY),Paperback,483,2002,2000,,2021/10/07,,,read,,,,1,0
40383078,The Tibetan Book of Living and Dying,Sogyal Rinpoche,"Rinpoche, Sogyal",,"=""""","=""""",2,4.21,HarperOne,Kindle Edition,425,2009,1992,,2021/08/20,,,read,,,,1,0
8285950,Sofies verden,Jostein Gaarder,"Gaarder, Jostein",,"=""8714193523""","=""9788714193522""",3,3.95,Høst & Søn,Paperback,542,1995,1991,2019/12/05,2021/08/19,,,read,"<blockquote><br/>In-Genre Rating: 7<br/>Global Rating: 6.5<br/>Reading Fun: 6<br/></blockquote><br/><br/>Well structured, didactically and literarily strong. However, some chapters are quite dry or go off too far to the other end by being too absurd.",,,1,0
46465,"The Chemistry of Death (David Hunter, #1)",Simon Beckett,"Beckett, Simon",,"=""0385340044""","=""9780385340045""",2,4.14,Delacorte Press,Hardcover,320,2006,2006,2019/11/11,2021/08/15,,,read,"Well, if you solve the whodunit not even 10% in, you can't recommend a crime thriller too highly.<br/><br/>Specific scenes were intense to read, but that kind of quality was absent in the larger plot. Cheap cliffhangers and overused cliches, character arcs going nowhere. <br/><br/>Most disappointing was the lack of intricacy the title promised: The chemistry of death, as in investigative forensics, is a very minor part of the book and does barely nudge the plot.<br/><br/>The book is readable and I guess it is what you expect it to be, it is just not particular good at it. I don't get the legend status this seems to have in the genre, but then again I am not a crime thriller savant either. ",,,1,0
186074,"The Name of the Wind (The Kingkiller Chronicle, #1)",Patrick Rothfuss,"Rothfuss, Patrick",,"=""075640407X""","=""9780756404079""",3,4.52,Penguin Group DAW,Hardcover,662,2007,2007,2019/10/09,2021/08/08,,,read,"<blockquote><br/>In-Genre Rating: 7<br/>Global Rating: 6<br/>Reading Fun: 6.5<br/></blockquote><br/><br/>While I certainly see why this generated the hype it generated, it still has a lot of the typical shortcomings of YA fantasy. Or maybe that is the point, to be an archetype of that genre. It does that well certainly: There is a lot of unexpected facets and positively crazy ideas. Sadly, there are also quite a few paper thin characters or scenes where people fall out of there character in the name of humor or tension. The worldbuilding cannot handle too much thinking about it, and literary fanciness is a bit intrusive at times.<br/>Apart from a few exceptions, it will however captivate you and thus remain a worthy read of the genre.",,,1,0
64222,"Going Postal (Discworld, #33; Moist von Lipwig, #1)",Terry Pratchett,"Pratchett, Terry",,"=""0060502932""","=""9780060502935""",4,4.39,HarperTorch,Mass Market Paperback,394,2005,2004,2019/09/09,2021/08/07,,,read,"<blockquote><br/>In-Genre Rating: 8.5<br/>Global Rating: 9<br/>Reading Fun: 7.5<br/></blockquote><br/><br/>Maybe not the strongest disk world novel, but I did read it twice so I am not <i>complaining</i>. Full of low and high brow parody (mostly of the post office) and awesome obsolete technological rabbit holes like optical telegraphs.<br/><br/>Quite characteristically for the Lipwig books, the tension lingers around for a while, although the humor mostly makes up for it. Worth it for Anghammarad's story alone.",,,1,0
